,x,y,vx,vy,element,m,e,sizes
0,-0.13955923828195282,0.8760310614978086,-0.977277879876411,-0.10321885179355784,He,4.002602,1.229215703790299,1000.6505000000001
1,0.652317015891553,0.06461100477189574,0.41059850193837233,0.7610377251469934,He,4.002602,0.820047162510167,1000.6505000000001
2,-0.9591925337657885,-0.9232069517852978,0.12167501649282841,0.44386323274542566,He,4.002602,0.9936213952317217,1000.6505000000001
3,0.4419167885679438,-0.9833657402098626,0.33367432737426683,1.4940790731576061,He,4.002602,1.3722679597604373,1000.6505000000001
4,-0.31414988461867366,-0.1408008317150199,-0.20515826376580087,-2.5529898158340787,He,4.002602,1.26026739704499,1000.6505000000001
